{
    "unicast" : "192.168.56.101",
    "logging" :
    { 
        "level" : "debug",
        "console" : "true",
        "file" : { "enable" : "false", "path" : "/tmp/vsomeip.log" },
        "dlt" : "false"
    },
    "applications" : 
    [
        {
            "name" : "service-sample",
            "id" : "0x1277"
        }
    ],
    "services" :
    [
        {
            "service" : "0x1234",
            "instance" : "0x5678",
            "unreliable" : "30509",
            "events" : 
            [
                {
                    "event" : "0x8777",
                    "is_field" : "true",
                    "update-cycle" : 2000
                },
                {
                    "event" : "0x8778",
                    "is_field" : "true",
                    "update-cycle" : 0
                },
                {
                    "event" : "0x8779",
                    "is_field" : "true"
                }
            ],
            "eventgroups" :
            [
                {
                    "eventgroup" : "0x4455",
                    "events" : [ "0x8777", "0x8778" ]

                },
                {
                    "eventgroup" : "0x4465",
                    "events" : [ "0x8778", "0x8779" ],
                    "multicast" : 
                    { 
                        "address" : "224.225.226.233", 
                        "port" : "32344"
                    }
                },
                {
                    "eventgroup" : "0x4555",
                    "events" : [ "0x8777", "0x8779" ] 
                }
            ]
        },
        {
            "service" : "0x1235",
            "instance" : "0x5678",
            "unreliable" : "30509",
            "multicast" : 
            { 
                "address" : "224.225.226.234", 
                "port" : "32344"
            }
        }
    ],
    "routing" : "service-sample",
    "service-discovery" :
    {
        "enable" : "true",
        "multicast" : "224.244.224.245",
        "port" : "30490",
        "protocol" : "udp",
        "initial_delay_min" : "10",
        "initial_delay_max" : "100",
        "repetitions_base_delay" : "200",
        "repetitions_max" : "3",
        "ttl" : "3",
        "cyclic_offer_delay" : "2000",
        "request_response_delay" : "1500"
    }
}
