{
    "unicast" : "192.168.56.101",
    "netmask" : "255.255.255.0",
    "logging" : 
    {
        "level" : "info",
        "console" : "true",
        "file" : { "enable" : "true", "path" : "/var/log/vsomeip.log" },
        "dlt" : "true"
    },
    "applications" :
    [
        {
            "name" : "client-sample",
            "id" : "0x1343"
        },
        {
            "name" : "second-client-sample",
            "id" : "0x1344"
        },
        {
            "name" : "third-client-sample",
            "id" : "0x1345"
        },
        {
            "name" : "fourth-client-sample",
            "id" : "0x1346"
        }
    ],
    "services" : 
    [
        {
            "service" : "0x1234",
            "instance" : "0x5678",
            "unicast" : "192.168.56.102",
            "reliable" : { "port" : "30509", "magic-cookies" : false },
            "events" : 
            [
                {
                    "event" : "0x0777",
                    "is_field" : "true"
                },
                {
                    "event" : "0x0778",
                    "is_field" : "false"
                },
                {
                    "event" : "0x0779",
                    "is_field" : "true"
                }
            ],
            "eventgroups" :
            [
                {
                    "eventgroup" : "0x4455",
                    "events" : [ "0x777", "0x778" ] 
                },
                {
                    "eventgroup" : "0x4465",
                    "events" : [ "0x778", "0x779" ] 
                },
                {
                    "eventgroup" : "0x4555",
                    "events" : [ "0x777", "0x779" ] 
                }
            ]
        }
    ],
    "routing" : "client-sample",
    "service-discovery" :
    {
        "enable" : "true",
        "multicast" : "224.0.0.1",
        "port" : "30491",
        "protocol" : "udp",
        "initial_delay_min" : "10",
        "initial_delay_max" : "100",
        "repetitions_base_delay" : "200",
        "repetitions_max" : "3",
        "ttl" : "3",
        "cyclic_offer_delay" : "2000",
        "request_response_delay" : "1500"
    }
}
